{"cameraMode":{"drawMode":0,"name":"Shaded","section":"Shading Mode"},"sceneLighting":true,"audioPlay":false,"sceneViewState":{"showFog":true,"showMaterialUpdate":false,"showSkybox":true,"showFlares":true,"showImageEffects":true,"showParticleSystems":true},"in2DMode":false,"pivot":{"x":-2.9410386085510256,"y":-2.131171464920044,"z":0.7579360008239746},"rotation":{"x":-0.10383005440235138,"y":0.15509551763534547,"z":-0.01638926938176155,"w":-0.9822984933853149},"size":3.5403122901916506,"orthographic":false}